fecha,T0,T1,T2,T3,T4,T5,T6,T7,T8,T9,T10,T11,T12,T13,T14,T15,T16,T17,T18,T19
2022-05-26,0.06636768677676064,0.04130617076056764,0.08082674752489181,0.010892058691446797,0.020856706374618422,0.07474679627104075,0.020885748493171787,0.03957760728066057,0.0037366096390717652,0.041945158794813364,0.10671735518318369,0.09014303020612954,0.02018412376059656,0.036577784430356634,0.04183867534083507,0.022915999753904286,0.046082099978788996,0.07877513431378504,0.036302661239342116,0.11932184518603411
2022-05-27,0.0424252244382773,0.027033666577003353,0.10087292814816343,0.008730003407213627,0.015789900275749072,0.059161820736065074,0.01981430796698685,0.052457133401047726,0.004952903931653856,0.030276866527877973,0.07479560494836295,0.07152170044932502,0.01641210486124192,0.09381736505881164,0.026469670688310663,0.06264195765405833,0.04111954119711006,0.07877527314308042,0.011578324953120415,0.16135370163653995
2022-05-28,0.05599253556704539,0.026740753070497832,0.148538468076123,0.006590631632990146,0.009541282190490826,0.06060038954223627,0.01048589507526496,0.04082122312995138,0.005487409841010062,0.040455854886674567,0.0704369020622216,0.0828204315139122,0.017666394904473637,0.09042346973522591,0.02692797343784046,0.03914649784000116,0.0468293013216375,0.06692579045165872,0.03066837663429996,0.12290041908644397
2022-05-29,0.07020516538362297,0.014637966680729697,0.138574869094949,0.00571678928890835,0.013152625173431296,0.0752710655692934,0.012559996024342686,0.03988454467877428,0.009959620517734854,0.044872766975714004,0.12585553960812926,0.052130078884902335,0.023423745886631098,0.08837627530248755,0.020983826545285994,0.021994027335715087,0.03977096283288434,0.061243622376274204,0.03883927988528918,0.10254723195489994
2022-05-30,0.04976823404720533,0.023676243789616254,0.08870996324411545,0.010713828607043476,0.02565203385329146,0.050518857199801266,0.037261776007639975,0.026331937213122335,0.008906802019125656,0.03538985487985574,0.09959227746082178,0.061193507285256826,0.053090858943148106,0.06893722571920695,0.022612746279669287,0.06139608988606559,0.053329857630877844,0.07827634797670575,0.03032433045008515,0.11431722750734534
2022-05-31,0.055314591405774584,0.04041366004517123,0.10766326045085749,0.00998111751493084,0.018590722695496917,0.04695648136463517,0.02471519439090043,0.03459839424003247,0.004157353353932461,0.025278077172121983,0.1363641243322504,0.060279680234137725,0.03260249194681641,0.08359729042869701,0.03414972206898056,0.05949469431712183,0.0403248564219392,0.06651050655789453,0.018616749972714567,0.10039103108559372
2022-06-01,0.05869930476264399,0.025353843990762563,0.06013258107582171,0.008702090973038024,0.014933204938835124,0.06744105133148033,0.01850612162293483,0.031713672474537054,0.007932756300688917,0.02990690990100453,0.1161125232613508,0.10163302590919315,0.02575199905410802,0.04706196258137338,0.025710414529431066,0.1159559705064368,0.04170240537858673,0.057825963766933816,0.0195820763915511,0.12534212124928765
2022-06-02,0.060113439431292055,0.018927730433906644,0.06365162598922446,0.008876734935851751,0.014446133050913527,0.06088121896783293,0.0163018953330775,0.026557333414363258,0.011368127276413514,0.040631584227169344,0.16484210452607145,0.06712705034150825,0.020289851086754705,0.04555875610266557,0.024890488453811817,0.06767692886411567,0.04039051295802216,0.06577794306175619,0.044797871776776695,0.13689266976847206
2022-06-03,0.08283886584200813,0.03724733504233762,0.056325340863811794,0.00903220568956861,0.017949269558710883,0.036660165633756285,0.014641335195692164,0.016994040354737252,0.005420760440328274,0.03523005097334164,0.13388863040762225,0.041808916258733175,0.05895541304643452,0.07420784429331707,0.02625652213577603,0.07496204268094402,0.03951227789098611,0.05751407348929005,0.08225998771404808,0.09829492248855558
2022-06-04,0.08037644847902302,0.01939663074363335,0.04803180662817961,0.0059936025946461385,0.021395159833517422,0.04232548723991335,0.017639879691323874,0.028102110774439543,0.004173555637541902,0.022532059736699687,0.09702097386740295,0.028638735883449215,0.28815231090070953,0.01882930430753787,0.012837893218835113,0.03649357813231122,0.030831856541140085,0.0351890739511022,0.09029476871800726,0.07174476312058631
2022-06-05,0.07507250431072365,0.016664959230658066,0.12316233750421635,0.0077130296157906396,0.01950988314423584,0.053122430500881064,0.011070573932135704,0.02960901238587837,0.0078016848799175266,0.03468552275471748,0.08925219557639816,0.056494624430066524,0.18043850723970747,0.03622987990849724,0.03544384506987368,0.024946966625897214,0.03033028331215567,0.0491983485727585,0.04125903969929018,0.07799437130620024
2022-06-06,0.06262456533094302,0.022950306595301718,0.08670298212633379,0.013120702722698272,0.020564104064854268,0.051016562689301825,0.02253974862073565,0.02110175770755507,0.007390133765708871,0.02234467729263722,0.10548005401465463,0.048828926822986785,0.18332954498908552,0.04726550671672838,0.04106250932250639,0.047079091647009935,0.0504125625622037,0.046479404706074895,0.029140918919700345,0.07056593938297931
2022-06-07,0.05177520060342029,0.01645696915621472,0.07257331423661358,0.0087601857610539,0.012460492675359761,0.08684678314403999,0.01897322260487973,0.03233843569228153,0.007851991179880191,0.02714697484435944,0.10368476664073766,0.06324295259057863,0.21453263962904445,0.02356310508953978,0.017131711754894034,0.05232615904973195,0.04157481860923968,0.0463992050779526,0.026712342172808153,0.07564872948736953
2022-06-08,0.029095837664099677,0.022193025702314326,0.06610096379423215,0.010096414781758762,0.014228837127031132,0.06624247212787346,0.020231521180925055,0.04105397743036024,0.0050899554004644795,0.053898740479907274,0.16220590446759459,0.13967397180069635,0.061569323162619725,0.043639138187050217,0.021748402847491147,0.03170513636366318,0.03955116879089677,0.06002776739588194,0.0257745622271325,0.08587287906800668
2022-06-09,0.025963768653175907,0.015691413344688813,0.06875483864113077,0.01407428886835006,0.021656553797682665,0.06745893974304155,0.020390205059555157,0.020798948200716996,0.00980782775156901,0.04865872832043732,0.17031379549025522,0.13085996553360602,0.05340627877168983,0.036116551702557016,0.03148621696115405,0.05327508022852907,0.026097005210493327,0.0642309106093259,0.03742014021797946,0.0835385428940615
2022-06-10,0.029242958250071928,0.017834217262650522,0.07229431880993079,0.013335537457573154,0.02319535437053678,0.06075193937869829,0.02751476989139436,0.016265907203234408,0.006499261513316762,0.028723637369883065,0.08496845014752237,0.1792623752273683,0.12278454157711391,0.05804940983095713,0.021257622182737735,0.050473494852976135,0.026301965692361325,0.06426961568833664,0.028384294727893385,0.06859032856544267
2022-06-11,0.04358738115442791,0.01678456261360698,0.08577638819841903,0.008605259493317136,0.07185784329292366,0.05371365456198808,0.017729381971414705,0.017468929507745715,0.008295420017331828,0.0441978055286489,0.06992015201369525,0.11524940357031001,0.06078789765447311,0.08692167056056387,0.025607759861204425,0.04354078378141111,0.04022286639136062,0.06837096173256835,0.03644025218981163,0.08492162590477725
2022-06-12,0.03492534025282701,0.019211492847329217,0.11132220707557908,0.011063967382335988,0.17038107474358868,0.03689884515401424,0.012402534078930948,0.015587722949599777,0.007502996658782274,0.041259115427244884,0.08095379496586287,0.054178557387631686,0.05696795033785501,0.093565921456563,0.027594785830178888,0.024812522156658808,0.03263271257728865,0.07068122299095211,0.022371948105550942,0.07568528762122548
2022-06-13,0.02191510835759199,0.034610351823462435,0.06540445760885294,0.010160703559268682,0.24185137202586207,0.03523015431443703,0.03551028578368374,0.011961105529856108,0.008452527713232821,0.03401091088300774,0.06463874214705946,0.047232787008650905,0.04590441836680031,0.04721835295237492,0.023555851864574682,0.042639703969812266,0.022793998394862354,0.06816578030582211,0.01523154190328556,0.1235118454875015
2022-06-14,0.026451003226838323,0.029961393785885387,0.058313896754484104,0.01239004436304636,0.2490728763175086,0.06405415813464858,0.019499252210731063,0.03175212833304279,0.006174896756348256,0.026986090625132728,0.0920638983442254,0.027554988393054314,0.039156393210807716,0.05124590790913443,0.025326430432734665,0.02958311321044085,0.031760704839694925,0.05728916219754847,0.017013938420478988,0.10434972253421365
2022-06-15,0.05248141399518606,0.01985542253205567,0.04910321752456877,0.0075957540050686865,0.16340729148346575,0.08403225508727909,0.033530184868960755,0.043997435332379785,0.011565558996870524,0.036133390929498924,0.10644689148154875,0.03552946689506285,0.04680410505500482,0.02010797496138969,0.012099689962270628,0.059850960978527636,0.02528445999724663,0.05787151303224406,0.017039462193603836,0.11726355068776671
2022-06-16,0.025857685976466573,0.02103812072550645,0.03516630308709089,0.009821331235388902,0.1770728948007391,0.06767449844141789,0.02832231109145816,0.02610451057761016,0.008126508212968645,0.05531015658030125,0.10214375245556138,0.028572332070769646,0.07151402168777994,0.051932315282800026,0.016820351647490815,0.03495613997248465,0.06623038775343432,0.05363791014918807,0.012067739796951363,0.10763072845459136
2022-06-17,0.03904569593082107,0.028267572926010016,0.0649468277504547,0.013641581937717837,0.19552883892217338,0.06401325063485117,0.02289751047854403,0.012426751356685521,0.004594600253740672,0.04319288453892788,0.06972705292372094,0.04012349816014128,0.05034011192949554,0.05137580367534856,0.02437737057646751,0.044606161002058956,0.05208744199895384,0.057373154088710215,0.024386909440986246,0.09704698147419023
2022-06-18,0.03898268182077718,0.015916660599863863,0.037736520568983134,0.01143096934250841,0.26305939857928057,0.06302157245961813,0.019516653004382375,0.011549900375760177,0.007080338149998876,0.03424678228011607,0.043774682758726556,0.07308669857863112,0.036802940718320756,0.0555781637454623,0.02211031136963012,0.0428108896403262,0.07042047458482262,0.04847772736642741,0.04061350041524682,0.06378313364111689
2022-06-19,0.0738074641638579,0.020782280494565552,0.05474624242569779,0.013604443433910892,0.1648152103869004,0.08225506212462065,0.016661255831039216,0.010557213702445611,0.0053788906866942335,0.03742034951798271,0.08070874928768118,0.07516064787338171,0.036403192952783776,0.08430504746174847,0.024768128186287215,0.036292917433324745,0.032932081811907314,0.03824877496872035,0.0456209034870116,0.06553114376943822
2022-06-20,0.05984873855942672,0.023248082814964845,0.04433038205939171,0.010335851300161568,0.1623569422494214,0.0799064751239245,0.023135085172641602,0.012678889402103006,0.006862723218958813,0.0658021819578261,0.05393830774652566,0.04650228771098768,0.032309962665989685,0.06250351922004471,0.019085077528597262,0.04142559640998583,0.044774364923796064,0.037118988766349996,0.09765216424957804,0.07618437891932436
2022-06-21,0.05146274774852554,0.04592639373409939,0.051736722256795036,0.00847591822672198,0.08553048271669093,0.06595881589058557,0.027918950996125975,0.020719896874408644,0.005977704800816284,0.11680517021999781,0.06681853686533053,0.04149802045481683,0.027669215082383312,0.06099078283555198,0.026704170927871126,0.04231729224921111,0.028188253662997535,0.0620482012116674,0.09624528717725035,0.0670074360681523
2022-06-22,0.028945235204008924,0.024726851561231944,0.06790843982478549,0.012961729512363136,0.11409774462063554,0.04306810691117015,0.030261830625684466,0.01872685668563064,0.006224959333184548,0.08853184785885349,0.10520633831157915,0.038836691093246986,0.01957509766653135,0.027919102772396603,0.02293374812469985,0.0951071566729006,0.03346685235092845,0.06766313694151727,0.06392912163693013,0.08990915229172089
2022-06-23,0.03315860969892557,0.02968010815334385,0.05759815212031931,0.012691826588067194,0.06034067565324078,0.06200109750617136,0.03141454736526205,0.02176043829389231,0.0034239966454166493,0.08909963424843588,0.09835758154473828,0.061431694473625544,0.02559104618827726,0.03653581319004275,0.018986565152606164,0.08370704374898082,0.04026251256164764,0.07381275115115815,0.048051520176401095,0.11209438553944694
2022-06-24,0.028953690669085264,0.02425786056819727,0.06652098441801856,0.008371839501871479,0.044782216483843014,0.05120246584620035,0.033399835682525365,0.015431947981894257,0.00880383830771759,0.08819461946321507,0.08231273434722113,0.08770047021226217,0.019294880456770167,0.02733825052025494,0.026445629558431532,0.09857928577674596,0.042798565037397894,0.08599392461538602,0.04624875950094092,0.11336820105202063
2022-06-25,0.04058471429200635,0.014797835437461066,0.09818435654852817,0.01639075447532918,0.04053963097798822,0.05690138029304683,0.010558180014283346,0.021630397962030614,0.008237531702253002,0.124563939104465,0.052353148550394565,0.09325853283453467,0.016095239795627807,0.06187581276503364,0.02032076914624505,0.07610675502693498,0.04040509348612879,0.034790423204322005,0.0814865413740717,0.09091896300931455
2022-06-26,0.04118507318489513,0.02056599737606943,0.06622708121487095,0.012780547865552567,0.07565407349600053,0.06811339038743394,0.015768095749096385,0.020904248068660525,0.005971601444022942,0.1212671353515523,0.07113024184574267,0.15643702423496839,0.01921089176086408,0.03533783194493872,0.02269859054263955,0.03664266219857635,0.032147660868626554,0.05186740096175511,0.05267245662904063,0.07341799487469282
2022-06-27,0.04504408687416812,0.024160978484501473,0.0628633265134746,0.00918283781773658,0.04638894441750033,0.0917486373637191,0.04759109403671656,0.02881784876674938,0.010773430668082206,0.06448530044512822,0.06697436125976317,0.1475123146851639,0.028841733601839777,0.032497114795066444,0.05161753225196659,0.03673431644586987,0.03327747241795719,0.05068931636828468,0.041473526356902296,0.07932582642940914
2022-06-28,0.03618364392296949,0.02076107439392894,0.055702451840213385,0.011160297105077464,0.027776618642625366,0.07765888108829495,0.07019246183273091,0.01650068688177371,0.008655891160997482,0.05298336879672423,0.09389311667847348,0.0643762112780436,0.03118674477443199,0.06163913730653987,0.05381491992427349,0.08495998130280863,0.03838396815506478,0.06131255080679963,0.044190212377340214,0.0886677817308879
2022-06-29,0.06101693997718577,0.01622023274138686,0.04515983112745809,0.009986390158731744,0.034581118196679236,0.058578774746283785,0.04982240309175678,0.016743048170346376,0.011685479768340003,0.04264712275565668,0.08947866372687509,0.05115736571505357,0.014866868310214951,0.032339714954647596,0.18036309724339178,0.08574119190752526,0.029458763105273133,0.04677545655553959,0.027578140656585048,0.0957993970910683
2022-06-30,0.07183126730369743,0.020318329712064386,0.04306806622333732,0.012086601845668838,0.01985416895755109,0.06866485439261309,0.030524231530843406,0.017972503887091044,0.006191290567485307,0.04888327684688602,0.12618266237181566,0.034606634514038566,0.016821323385796873,0.029850646256221993,0.1552802405986679,0.09526258630783505,0.020946858616001537,0.058407587152945376,0.04142777119372471,0.08181909833571399
2022-07-01,0.07373422615162839,0.017009591261319974,0.045824097594575015,0.011107536165101043,0.043840292672091385,0.08358154673635418,0.044586888490548454,0.025978056195000817,0.006677709087252191,0.07007134174038389,0.09243467939745395,0.09759658374186116,0.016655355240300818,0.028533743599801868,0.04249097682955363,0.03286059884265352,0.03291694052467685,0.06656660371522516,0.04847116140370645,0.11906207061051083
2022-07-02,0.1662532447940984,0.02111749340505747,0.0505289133169839,0.011851871913484264,0.022466263902756325,0.09362733541897542,0.030579156880343194,0.05351554962931113,0.05313127328948038,0.05275346609067523,0.04246225780866139,0.04146987683647871,0.03233954212496532,0.02546211678980404,0.039843244247232026,0.027316808691833606,0.02802854146797456,0.02754524772837173,0.10663488020827762,0.07307291545523485
2022-07-03,0.20899078833317258,0.010112763638783055,0.04405621530909126,0.002112207268095159,0.0036247639554146368,0.07113017797462232,0.030047024337652543,0.12318218820962512,0.18419280955961884,0.032082168673762,0.029498937560770253,0.013499256775767014,0.023875628709204268,0.026526502560854776,0.008769782332509699,0.019318909218192085,0.017054858915496084,0.022097159132388442,0.08235439691057339,0.04747346062440611
2022-07-04,0.10492715039994609,0.01138172353744948,0.03156061884964022,0.004507028085675155,0.004959385153811768,0.046854370592509395,0.04623328939103578,0.06857661339831943,0.3825929599660346,0.034573326330823745,0.03467824941795275,0.012465654122888416,0.017987648063308,0.015939938865731796,0.014929112011334148,0.013998594642870345,0.019793564849823125,0.019659283853308826,0.05428067766061087,0.0601008108069257
2022-07-05,0.069038060713862,0.04184842005046747,0.04928120314106793,0.00875673587702861,0.027680839520592134,0.07015252711704234,0.05567567110638361,0.03420076210457075,0.17131518450636923,0.03812828244197818,0.07579043893663848,0.043063781808127304,0.02981013496825691,0.014056920630281447,0.02761130260220994,0.025413736684425002,0.026320740900258703,0.04606967136070406,0.05206540672901657,0.0937201788007189
2022-07-06,0.05248777490366502,0.03745343228079184,0.051325332903554816,0.012470417903841517,0.018085813165751325,0.0856596683975284,0.039357749828505185,0.02851174641058456,0.1665458677392024,0.06344610498138935,0.10721296786149852,0.028784035567800674,0.023579969793839976,0.030047973254877458,0.029076168488407404,0.020589664576802672,0.022894125538498834,0.0417588897977087,0.05273782515412665,0.08797447145162426
2022-07-07,0.06431286952357516,0.022107471122105895,0.04647277146455813,0.009599960036598807,0.015011752069588175,0.07225952796942445,0.05857024964872454,0.03585108180172447,0.17854015920066807,0.04766356594015689,0.08421645417658727,0.046287572944362074,0.02311444375831609,0.022825903041842493,0.023561259108730814,0.03362062085113688,0.024273128847416607,0.04629769647251295,0.04405321218807557,0.10136029983389427
2022-07-08,0.08661969409660727,0.023931480234695896,0.051174263056996634,0.013374613304781466,0.016409914142533046,0.06148508779768687,0.04584141687852986,0.02840910032106937,0.09464708396632833,0.047418301383161776,0.0566364688380392,0.05625426310540102,0.031876001588887516,0.019345592942620973,0.028620186831101384,0.02778719566227914,0.02483011108746969,0.060953462862549324,0.11808186454682364,0.10630389735243714
2022-07-09,0.10239904198663677,0.009809091011982013,0.07276486608981005,0.006407814805952234,0.007546074868492592,0.0815368162183287,0.03823267263505783,0.040679157899666356,0.10325671913535228,0.06940449199916511,0.034479959515751536,0.030849880365370737,0.017187539335048074,0.031509747303157865,0.021861909754052753,0.020097726578177353,0.019891679047906275,0.0442930397214601,0.08208655828991052,0.1657052134387205
2022-07-10,0.09388507510494055,0.03240564294456849,0.09869153955761846,0.014360901207885482,0.01694056368033817,0.05897372822964418,0.025583760904852752,0.03297219707245907,0.10552062964314517,0.06372379100684925,0.06631690424567448,0.042623953486663695,0.022617470405915018,0.027408566366093897,0.028561005641073663,0.02366195859541034,0.026311281340447357,0.04503804374321038,0.07319027105081732,0.1012127157723918
2022-07-11,0.04233892913926047,0.0755479929016377,0.05221038074795102,0.008592544944745914,0.011591318256587742,0.07174660518036174,0.04460616412685888,0.013716384909113984,0.17788936647358577,0.05210452203391182,0.056917085314138645,0.025969722836254688,0.01918625706901978,0.04843811558132992,0.03900568764975284,0.01859423766004528,0.04132393442913202,0.048515753797881284,0.04086943611879772,0.11083556082963233
2022-07-12,0.03518094911616121,0.052247067909717414,0.05872000642329005,0.010406933289204725,0.02060195610675205,0.08186517127451277,0.04501915681969195,0.0194634069569683,0.12558899744780702,0.05352071246524717,0.06718396857152006,0.046406391972696366,0.03084240888909955,0.03769526711800135,0.03516274482500133,0.034519449682332864,0.03614768461811385,0.0609919370638534,0.04578420030832216,0.10265158914170594
2022-07-13,0.056749455880824425,0.03160852854204765,0.05304463409563907,0.010009698586949991,0.01775413018859438,0.061358714014572234,0.053215429258254225,0.019904797958395823,0.11134961335301838,0.1033553274362637,0.04770709687622581,0.03448605634143642,0.02430715443950328,0.021122954018524764,0.03998206235019088,0.0914202359981173,0.020150173646056056,0.07611525949252294,0.03545001499359938,0.09090866252926286
2022-07-14,0.06624535022651858,0.014924350570436378,0.061296133499800655,0.01164302035390892,0.017614447121042518,0.10574656267398347,0.07060543893720031,0.03238775887776312,0.06374210276180728,0.11567066388160292,0.04410096099781079,0.03854279750961073,0.019869885364655445,0.023451250091527816,0.029746464895856264,0.03824636711375489,0.028918944763162324,0.07873257536189317,0.05132931442873891,0.08718561056892507
2022-07-15,0.07217488674702419,0.035745785995144906,0.06082070294786394,0.022657414605666597,0.03667633629813791,0.0640098215462065,0.03909325664992649,0.019821580510104176,0.03485434289163313,0.0815846404831994,0.07839261693305592,0.04739720572336609,0.02803107287146278,0.016945285865818296,0.049878370640084796,0.024565284037265624,0.07415691723673173,0.0590808888681903,0.028305113883036664,0.12580847526608013
2022-07-16,0.05663602494570808,0.028724222353753086,0.09825861437484726,0.015653955219140328,0.036060645521229846,0.054696898448674855,0.04999480446200207,0.02519815616146806,0.05732810629617607,0.0714098369396566,0.05249913173338926,0.046709095796320904,0.023585129580604797,0.02920052216164145,0.03166498094620037,0.020192781281869358,0.07906600059570694,0.046297911164946526,0.047782951261985125,0.12904023075467855
2022-07-17,0.08736527352138852,0.018545799958859948,0.08581023339805217,0.013376769159316425,0.02142521451781662,0.07372066776566555,0.03749768641430441,0.027039592415896544,0.10164974429110779,0.06115162066532278,0.05815329329710196,0.049755676686383914,0.02089601797758968,0.028564296616755188,0.0295817605780235,0.01766590100007319,0.04733618028715701,0.05158584513535336,0.06407361296650262,0.10480481334732833
2022-07-18,0.042806169995588714,0.02947394218230527,0.0477341330317734,0.014800600633838918,0.03384799211226075,0.05159872957149154,0.05121804056197915,0.02519118484734622,0.07206710733608318,0.06076726108871688,0.0930039466122067,0.04209352168641695,0.024236166035343527,0.028581128010179063,0.027165248749777996,0.024349257129732734,0.06833464705585555,0.05117350867957902,0.07393346273505298,0.13762395194447105
2022-07-19,0.0348274990487222,0.03292190554036897,0.07978352200054072,0.008246149537016462,0.013817623165413798,0.07213331673394267,0.03653466078305415,0.016702675052734064,0.04898647825908329,0.09696609835597232,0.13759139006161636,0.03306917318964573,0.021672823143662426,0.021311770427062282,0.029096908348299796,0.022035279032719172,0.04830628191902101,0.06740935413639204,0.08751137075769631,0.09107572050703584
2022-07-20,0.05142677954745095,0.021283012068660363,0.0847108263301621,0.014006739078426271,0.03894010784292879,0.05390433564517985,0.07228230668532454,0.01957038658009834,0.07440848748292338,0.10457994863604467,0.07345140865913106,0.03881040464603689,0.014059311868486019,0.03329019087624232,0.02774902462751195,0.016314279477807957,0.048199241508802976,0.04512029676017323,0.05201576353413094,0.11587714814447696
2022-07-21,0.05455091387382147,0.010755424752707016,0.08275620662115486,0.00929150097219484,0.016667318046401928,0.08491639853195972,0.0892161631831399,0.015780187323028733,0.06346272228014417,0.1135461997403445,0.05302251201160843,0.09574624175085232,0.018224397496846702,0.020703369954176504,0.019198557094859525,0.02469069793855427,0.03803956100214831,0.0725780951772043,0.04111960915373046,0.07573392309512161
2022-07-22,0.06581096038962737,0.010726327473449213,0.06599359001668953,0.011524421168462416,0.02770508221861025,0.06717659986880671,0.11364800402801858,0.015444173947278017,0.06425536118575652,0.09249655006366306,0.051298859562576196,0.08630782424477765,0.013518467231383216,0.024658063223750925,0.021997648022832404,0.030077634221098375,0.026230732022794058,0.06453129416556955,0.05189048516046867,0.09470792178438688
2022-07-23,0.06530353197022387,0.015812101612427798,0.06284745516266603,0.011964275250057983,0.04324554207755505,0.08237038262332605,0.09589515639391213,0.027004786596323584,0.0637824677413668,0.06850290573177788,0.054567708976542346,0.04080740367950708,0.01852342208559176,0.031930169283964444,0.0322367540823577,0.041780545302754366,0.02975121776866625,0.04660985333658466,0.060530164888874964,0.10653415543551877
2022-07-24,0.051735120494881826,0.014308217820727534,0.05787161746149507,0.006496345285597155,0.0420537664846203,0.08200118038311198,0.08910428263519664,0.02508694543619697,0.11059440790937704,0.06924072566571013,0.10739084564195009,0.04635955102329683,0.01688831953025542,0.01898671535097663,0.013405043396925626,0.04343762500558947,0.03483291990303639,0.04499207426534518,0.06629861332149746,0.05891568298421181
2022-07-25,0.05026910176926003,0.022751189897906053,0.05886170640245002,0.010782084332710652,0.04040270769320316,0.06933769889967185,0.08229289940057154,0.016862147227627237,0.10522663031486072,0.06617579430875294,0.058625217397014574,0.06858849403725012,0.032598826668861325,0.024858968910445152,0.021049613089337574,0.033847893478532246,0.03119027656782664,0.08219356659685806,0.04442339164985949,0.07966179135700019
2022-07-26,0.059596530155011214,0.01696757016122433,0.054681905598064864,0.01158677479770311,0.0370733065742038,0.06097245402699419,0.06120681753250315,0.028287926049819362,0.06672629138304291,0.1163144215475798,0.05062327478510689,0.05166442228630903,0.031601902735345,0.026283853341249885,0.021944156032471754,0.02600661459531121,0.035014887225727716,0.09031949084704323,0.03852558148180068,0.11460181884348743
2022-07-27,0.05025581261741726,0.013992393580836357,0.04566639542047914,0.007354310154693446,0.015675131490412553,0.05673576022274799,0.11862451959009364,0.08407523464991298,0.06439271605564377,0.08275527864425955,0.06392580467310383,0.03651194106908272,0.0187095118087898,0.021811153971392903,0.01728861876998559,0.04020587053773852,0.027099858100948327,0.08894462605782619,0.03003518629918216,0.11593987628545285
2022-07-28,0.08991380618878166,0.009688067401867862,0.036576159061220984,0.0077965583050702315,0.018046390388893652,0.037971009891862244,0.043274743044679605,0.2550192188189775,0.12129431420590428,0.06686314098842917,0.0464845366541563,0.035729884182441746,0.03237156621716146,0.010583795707695643,0.016189786642445983,0.019092092481112447,0.015225635543378338,0.04919636957395611,0.02909477299915524,0.059588151702809206
2022-07-29,0.06388605813794285,0.0062948563745465645,0.050292097481235476,0.006459820128012448,0.015797934237979545,0.03914548068838955,0.045284312505869596,0.31133455041937774,0.10427870010360234,0.03991459246782585,0.03271764727104513,0.02779658009665832,0.035368891467267606,0.02041315793870402,0.01481161366252442,0.015471134481795372,0.01266903349030635,0.05188844530284597,0.035146958489609706,0.07102813525446074
2022-07-30,0.04593510385488339,0.013238489693205416,0.07115985987412074,0.006933080905204381,0.00735410323906832,0.05383211772277785,0.035849492477339,0.2854689438048185,0.0304292014859073,0.07924075202019586,0.05050470060699977,0.020651389840020934,0.019820526580724418,0.015415228856096516,0.020355476103863533,0.04862530345931458,0.024356385471779703,0.04575803169288121,0.035495369847634184,0.08957644246316397
2022-07-31,0.044839085357139645,0.03826453380032724,0.042366189761841686,0.009149251439227013,0.007957862932449699,0.04582086519141859,0.02450190806421162,0.3006040986323845,0.03025689193137024,0.09117445191174024,0.04699944966528104,0.017418175862243684,0.017343314211536585,0.04392136278767808,0.024103211537642298,0.015456132468907076,0.04428456071915547,0.05673832748462102,0.03169358283251086,0.06710674340831291
2022-08-01,0.04101710535539761,0.17334263805430963,0.04106398405089255,0.008879797478461238,0.03073258052476389,0.041334831565776144,0.025568195114637798,0.20354613805206276,0.029961748490940097,0.03155715584838122,0.04941361500458383,0.02867238477251755,0.022307834646517442,0.01837249798787428,0.017336941922635338,0.007284904412246314,0.01803783944075471,0.07467050346874606,0.03999791488408947,0.09690138892441164
2022-08-02,0.03901018470418895,0.15679930831645952,0.047321053322265154,0.009631393189335763,0.03364028566283387,0.03504632740088587,0.025690553863470564,0.18795822973915777,0.011029453906377022,0.031571545839346064,0.06849555303318162,0.023809226727277963,0.024746015025616,0.02203535728459535,0.01980580461501923,0.019201241764989208,0.028436156705037432,0.07627913811309818,0.047176728022966144,0.09231644276389793
2022-08-03,0.03491944238304944,0.07507160245853708,0.03774744832623435,0.007665003792576286,0.0190488041436744,0.03614948888447205,0.026775745340072165,0.26614214197314295,0.03213995122858489,0.05741544408762819,0.06647812332752283,0.030177313133018253,0.026447122597088864,0.023538923517115336,0.02754085407463206,0.011111947715057469,0.03369794985118224,0.06857324101689903,0.04956193811691394,0.06979751403259772
2022-08-04,0.036528520556975363,0.04132840944215986,0.04063616481711289,0.007048835769486376,0.013957304080002427,0.06046507065400751,0.03779271587074646,0.24980769151155569,0.021283625216641906,0.08675051561406986,0.055641715806309326,0.03720472735697419,0.021304690617928033,0.01943823364773474,0.022019258548189053,0.013162007336307091,0.0604672543710727,0.07564069672864397,0.035836992280860944,0.06368556977322122
2022-08-05,0.03659959917032924,0.1044174683817726,0.07341336638970607,0.008679161933376372,0.012557027872179438,0.05207544495120806,0.03415245540216353,0.1624533603049081,0.028475361317501776,0.04875446077506945,0.03898723180536965,0.03158466842034886,0.029196258599894366,0.037440990397794985,0.02228053680718035,0.01998882435018641,0.051859009738478054,0.07037372195733527,0.039268766974818126,0.09744228445037892
2022-08-06,0.030146040246457853,0.05439883818169099,0.0895779607399685,0.013213641809183286,0.02269234456932359,0.056441979514708945,0.021766197172276906,0.16900345394734978,0.017600658392269725,0.06311952854528335,0.026578546511085252,0.06525404458632424,0.016975552995168522,0.05062311058889856,0.020691242449156787,0.015791455062894425,0.07635879941152833,0.06833246675728855,0.058568265158906556,0.0628658733602354
2022-08-07,0.03857572251908093,0.06500990578859756,0.07965285067092849,0.01064795309784447,0.017272226684619495,0.06299889768014277,0.01726560049411056,0.10984976602310877,0.01851066395873491,0.08713509036542931,0.048744288691956114,0.1035199317588085,0.022791447500104298,0.01674318218597963,0.023506888327975074,0.013457362105491023,0.06185982429783409,0.0750057796477527,0.03826316509784979,0.08918945310365106
2022-08-08,0.025856535417779197,0.1554079308421104,0.054520143704150655,0.008237163557580552,0.020284365070339726,0.046225116069077275,0.02780921108119542,0.10635369916752918,0.02119017706143463,0.04621907101966217,0.04662311865165653,0.04474222138031785,0.023629477345651843,0.024876770709584484,0.02466454972854516,0.009915661341425961,0.08997030208848031,0.07019989156210102,0.03757876538849488,0.11569582881288233
2022-08-09,0.029747902027980166,0.1285531410970401,0.06947636148116403,0.007056980301735169,0.036648558360674426,0.07688844864385747,0.033300434082484044,0.09130154552657231,0.017220458787566357,0.07145404023042341,0.06556806498349155,0.020014478997788895,0.017393362875382908,0.016925514828664168,0.016188306485435566,0.01328920637335291,0.04110901927971549,0.08321762051850494,0.03735713428770465,0.12728942083046102
2022-08-10,0.021355464428836925,0.03587934577475977,0.14740440287683435,0.009889753717595188,0.040185981079212146,0.05055582320149463,0.028350820268903933,0.12212670274391157,0.029577921314393244,0.050995522264855556,0.06744059043206352,0.03141699672781833,0.03618695838895236,0.02003503493852766,0.021845302400973123,0.00997008563639285,0.049685624987341415,0.10871869236822797,0.02063400005205525,0.09774497639684987
2022-08-11,0.026793150781635928,0.024917664550310956,0.11355628157938794,0.008301421801206134,0.055877837053310994,0.13718749432816313,0.029118441352502644,0.08874468334301464,0.007088701162379012,0.061815676929341215,0.06527766494217864,0.03898997548144892,0.022546299324986956,0.02156633164534012,0.018791888883115927,0.014978321965434199,0.05197615710370751,0.07977459044617995,0.014833619564386207,0.11786379776196865
2022-08-12,0.019567743186791112,0.09240748592407977,0.14038826110552607,0.008238455919763544,0.029005383260730416,0.09931694457454199,0.026291586301486838,0.07367675883857033,0.01003905490060028,0.03772253450458152,0.05850887119679767,0.0409912528990981,0.01200732490709763,0.030463138567707937,0.03624005308745346,0.019322707659681172,0.04529321572471725,0.07330165909018482,0.027573743914496945,0.11964382443609277
2022-08-13,0.015042930108720102,0.13854647714995222,0.11254878565898113,0.004861857138792119,0.017876388066075825,0.06227338314393596,0.03459101245548907,0.1089770462847634,0.007823776929100416,0.06832792055779727,0.055990125016496674,0.05204252149819454,0.01818835525831922,0.020707057578734277,0.018234764453993264,0.02210819832665724,0.05390076768191825,0.06465531219476595,0.03144926223592548,0.09185405826138723
2022-08-14,0.025287562218562643,0.04268016823552209,0.13895350589388347,0.009095526064834483,0.02022660754423764,0.09471116510697937,0.018327469393547496,0.11314216959585477,0.01016931758724505,0.07352758581716043,0.06743176858697861,0.019411236652959442,0.021735612862453152,0.03907604612766233,0.04614072420068955,0.01354611215670044,0.033536437941674255,0.07380180583728181,0.034325785309201495,0.10487339286657107
2022-08-15,0.01738443206851858,0.04189363246572119,0.07415813780257062,0.01405447203695578,0.04179167394300224,0.06201993884019097,0.01951406555075772,0.08790200206661959,0.011851684791998014,0.08722799363676385,0.04522128327170033,0.051484303280126764,0.022518497171877535,0.028473126493288748,0.1789268636418473,0.01587165272965844,0.034492281349077704,0.06448497806419434,0.025066425223767938,0.07566255557136195
2022-08-16,0.014656212935076624,0.09337685131846708,0.06645887247906061,0.009316292892785022,0.042234777905388876,0.041067634708738705,0.03134461293782507,0.07561797969849379,0.009683279699095822,0.04216600695293762,0.06354264559116235,0.0446147556116597,0.023001525311097764,0.023210383099498025,0.0796187542355522,0.014061791886409315,0.12124707820888092,0.08379459623851998,0.02363230766291657,0.09735364062643356
2022-08-17,0.030724611759569184,0.02938942227166604,0.06042070219378398,0.011108345358665608,0.016013585003717946,0.07025941385701191,0.030132014348651325,0.056626506280262466,0.01472136269882104,0.13402600824896846,0.06770344538128929,0.024786180057746483,0.016173895355777426,0.015881800775117458,0.0743405917336942,0.019694910504460098,0.08904859353093202,0.11537775303970985,0.020369880310286265,0.10320097728986857
2022-08-18,0.035488054906184285,0.027527005770727395,0.06132595687263115,0.011391311677648942,0.02829055114441295,0.07214702665988373,0.024096399907578874,0.07073264580313382,0.005895713709154804,0.07785049855445955,0.06309881866533094,0.11547097415783149,0.02420789051310126,0.02201669907092483,0.045110987925082335,0.013222360789320492,0.09869207664834664,0.09227456999887382,0.032120364553750044,0.07904009267162222
2022-08-19,0.027421022008204916,0.1284360394870313,0.054067651345548286,0.00653322039104113,0.017019373366732263,0.05091328445779769,0.029609836144920052,0.07913730273613451,0.00919711552421065,0.05299411337115417,0.06015736889740365,0.057968673190112945,0.01915786430160808,0.01551924683292306,0.053770648828210546,0.01057346111523453,0.06810870792491916,0.1136604372303001,0.029860990763436027,0.11589364208307656
2022-08-20,0.019142936258767833,0.10230207850960704,0.08983634646631679,0.014452660384197928,0.0257901491945226,0.04715121466891503,0.02498758760561052,0.06808343490523623,0.00844298335282302,0.05002089510178872,0.05012032068817086,0.0734306263347821,0.03776581795263528,0.016250041284890805,0.07745398433798381,0.015828762179460328,0.06100923223981928,0.05584359647801466,0.03876455221897332,0.12332277983748341
2022-08-21,0.03651827807098816,0.12117330573503851,0.06104669796763562,0.008388563106173813,0.019895618838912842,0.06416162018809636,0.020092351335647483,0.092818683809147,0.010590764544338141,0.06039990025735039,0.06293111516568305,0.03773136575375095,0.021687847349151527,0.033871948933939695,0.04140950596635289,0.01601950489807388,0.059837994660918555,0.06018779311752484,0.08779028962672279,0.08344685067455304
2022-08-22,0.026810620597904594,0.3002916954482245,0.03935403755588462,0.007709834175738795,0.01373884684339322,0.037767372988385665,0.01799080220709518,0.05251725609587944,0.004999047338878657,0.048701941447582185,0.04124706179283991,0.021253248957958996,0.010498274503085688,0.01545326133875503,0.028917904835793845,0.01449618779001469,0.03377653443995327,0.06287208443041511,0.1470930470468055,0.07451094016541068
2022-08-23,0.025422111360341604,0.2947616116938667,0.05825610906312951,0.00725447868214525,0.015082255531833346,0.023292945636853423,0.01657601523204056,0.025593989493419993,0.0036986675638173224,0.026951260876244266,0.06378475618320419,0.015173823077564107,0.016363764667890426,0.017922139694571838,0.027702909536220253,0.007619023141459435,0.030808303333171354,0.04859325568130456,0.19375094894021602,0.08139163061070544
2022-08-24,0.03827325499981153,0.2110393563209039,0.06828747143168051,0.006300307191355831,0.008113659099482445,0.03409703157146687,0.018063985021132482,0.038157310468185476,0.005319459802147397,0.03620885928841574,0.09200541639543938,0.027747688782090264,0.019106769727900434,0.01594575424879383,0.03295346652109988,0.020308005795339562,0.027180211966320575,0.05763147794089653,0.16242827818371022,0.08083223524382668
2022-08-25,0.11338964472417623,0.2784274132774443,0.06827947399979133,0.00964975459920402,0.028003603850045446,0.024319630968241284,0.019798095736549188,0.02372459337726751,0.006581938963997769,0.021393974979109904,0.07674355273257023,0.029674558119282272,0.01421296037214654,0.01946279604904727,0.02922566869523912,0.008881562392899396,0.015532621183539787,0.053057178773185526,0.09141446057822139,0.06822651662804112
2022-08-26,0.06078036866405411,0.14913250537167358,0.1020561153225609,0.013638103407803318,0.02346475965639572,0.036269891054505045,0.03885319112763637,0.027350076811678017,0.0058719014938872355,0.031390293329784054,0.06773413926029505,0.060286357535077065,0.019469979235002863,0.026732570175764008,0.0290838973178264,0.010129618739861478,0.0379973841111076,0.07171113457049805,0.10329643426148634,0.08475127855310237
2022-08-27,0.033751664061866214,0.0823461814682162,0.13317303187847002,0.004352006967421673,0.013238987993935032,0.014335893820354032,0.012661199384558966,0.020415461136517432,0.004646011019692815,0.04071285561489112,0.04228977217811014,0.031883690893108885,0.013938629367266203,0.015708981857251496,0.015226803396961025,0.006442014516295394,0.022912056781720275,0.041640723439619665,0.381429885674104,0.06889414854963902
2022-08-28,0.028216284360294948,0.0906645420719968,0.12757453927782797,0.010850357204991667,0.014310525148233583,0.022797801637779273,0.010108063290638849,0.03678926807501329,0.005951071680606596,0.046532261789657636,0.05048431775606897,0.015312244419169547,0.010722192590118248,0.03506056735734479,0.01834006814676276,0.011564115629470776,0.01742444345557288,0.04530209135169966,0.34728956930113714,0.05470567545561422
2022-08-29,0.021767476659105747,0.08892704352693574,0.11857421163366416,0.008382307190512065,0.02115343988872021,0.0376185666221574,0.021771973620314636,0.036226064784788126,0.005773858744546792,0.03424847579008102,0.06905781635097041,0.024474010200954795,0.017863730178718073,0.02014878887121688,0.030046442290276237,0.014689569693322803,0.029063413965899884,0.06758078091281007,0.2506089860879618,0.0820230429870427
2022-08-30,0.02551011702893961,0.050105289755811036,0.1343586017740328,0.011996091267817541,0.018930798311465304,0.04344727770278643,0.01828196850082898,0.045313747672270505,0.00829333660414709,0.06642966699036759,0.08227176173061285,0.027770849894646888,0.016464063073588667,0.023142441694189428,0.02459727978898663,0.010805638092053616,0.03815200294050074,0.07251629525880125,0.20262752452845648,0.07898524738969609
2022-08-31,0.031197945947397426,0.04669258984263826,0.1255945236570495,0.00984395370352376,0.01593184284619682,0.04306995463258904,0.025389853193645378,0.0641082994792202,0.009717355787287477,0.05785086314422861,0.06807696735225724,0.029559584177423104,0.01852181818061346,0.01730462706426797,0.020298630694863793,0.020903673807531047,0.02589729340055237,0.05509000883343132,0.1912050326921443,0.12374518156313848
2022-09-01,0.035632382621121006,0.036357850420295615,0.07544709047076965,0.048811086497429435,0.011417997781864139,0.0362247712863968,0.02164719736058249,0.028507881174432967,0.0039062270061724523,0.035757619561929056,0.07646600779185027,0.023623762184378238,0.02727814947070332,0.017569607376876,0.029462443113328112,0.013551035037684364,0.04369054820532352,0.05712965581392854,0.30273712043194234,0.0747815663929913
2022-09-02,0.03485454912084172,0.011405719289770303,0.023665954755190132,0.1824810120960348,0.0075046057524417835,0.009127824390417035,0.003922366324289725,0.01856226540723227,0.0031798052500125514,0.03688107517818353,0.03427551143571185,0.034824484498144695,0.004978401821795932,0.022691944191058945,0.017271744077062782,0.007400914097543156,0.006963384305940656,0.03402966828508558,0.4644483429119499,0.0415304268112923
2022-09-03,0.027357330774130488,0.01316411458321243,0.06604488872471005,0.15955642744857315,0.011512041474920192,0.016439206244014057,0.007417507262787725,0.021769405667779074,0.0021491255495871674,0.027933128757339058,0.08566103782505481,0.02416672421866333,0.008707064866535321,0.07752054430843291,0.013421061169592255,0.006361789206132724,0.009915791957865312,0.021695197182696142,0.36503748838404,0.03417012439393343
2022-09-04,0.02137605826713957,0.06249847485967964,0.06127000178471932,0.20907899870173152,0.026824786234271838,0.019076452424335234,0.019523541726438144,0.0330600672681035,0.004758580660099435,0.03561306213253203,0.06835085051075553,0.031232323495347433,0.011208041191573322,0.04068162304547243,0.026100103705928933,0.008370106557704995,0.01649658978913752,0.035172981866586045,0.2360871134403338,0.03322024233810932
2022-09-05,0.027712840476041504,0.07776699432230345,0.03950357827907565,0.18882943297088495,0.016438705630334022,0.022033617718373366,0.02963502508612918,0.03543465646019611,0.004480860979603712,0.031862120586095936,0.055900962142789896,0.03644449186578813,0.011952143233345038,0.029320267938164515,0.02886817574635714,0.01604626538718969,0.019930504349892686,0.06005337193128775,0.19657058270960867,0.07121540218653821
2022-09-06,0.030338640563680398,0.04162373734467704,0.05244504926947617,0.17997171141306953,0.01102379917918449,0.039979758235023005,0.04657921254649974,0.03904762018093339,0.005667175193396895,0.026108363982758964,0.08945037742565926,0.04478416375300978,0.01248229201405818,0.02597754787787928,0.023186506598397463,0.01465742817196869,0.02737430513475428,0.04667322607844502,0.16246382849633675,0.08016525654079126
2022-09-07,0.02743336230394104,0.027699959083863163,0.06118464586924256,0.18321924186636415,0.01675430152874046,0.03947519935256308,0.03532169760093661,0.049481080853577844,0.003924011312442421,0.04109017456078646,0.09158171533996985,0.05043946853628245,0.014106556979924328,0.023882569554677224,0.022620411831495116,0.011719283535503618,0.02785867505109647,0.03743014483961053,0.15173289277212595,0.0830446072268563
2022-09-08,0.019953230143725978,0.034620668394911104,0.09047615270274291,0.13360966387154782,0.01804211685459404,0.023165331887789218,0.035726300493843934,0.017783157432220385,0.003567885154390912,0.04825729455886328,0.10994598078048184,0.04852017557501247,0.014262539775082165,0.01942941878706056,0.032470866780795624,0.010512854474536013,0.03258582906831547,0.06127112141473391,0.16092140787349993,0.084878003975852
2022-09-09,0.04047637849907085,0.06922462070368955,0.09338009111003898,0.09503056246383068,0.02152211571546426,0.030380364233717642,0.027812473501105647,0.03864791021009077,0.004958721445756014,0.050727241692523295,0.07513079642983587,0.04916106779480299,0.024935148463885382,0.019444489398268344,0.03355230204941986,0.014769122231407169,0.04113164859608779,0.05826920366865383,0.11782423028252804,0.09362151150982258
2022-09-10,0.044423364015098235,0.015184925513866172,0.12982609854732927,0.09724240200572484,0.011771384650897923,0.03581302769743673,0.020136828840450108,0.03494527580172871,0.008181279919849464,0.045382473094824585,0.05628519657810575,0.06837911876356821,0.017232924388321833,0.02393673158611848,0.023555504442667297,0.014417207725005241,0.020352932198292494,0.03315035765742231,0.19341581071406352,0.10636715585922839
2022-09-11,0.015423094382313474,0.025669963314002456,0.18609554565950837,0.13601518014390754,0.007542328328523493,0.04080788128819995,0.01744009674237056,0.05102860688151296,0.01123917382621121,0.04297314318844303,0.07348707622884018,0.04221699109320976,0.012702285090529068,0.029509271841924468,0.020953368818676245,0.013682684067741594,0.024542430120765877,0.03431913577401502,0.13345973582318424,0.08089200738612012
2022-09-12,0.028509459115880334,0.06725108738457115,0.15046007209803036,0.1025262351010869,0.009004789430526771,0.040132783224344964,0.03163584843046891,0.05719053016965232,0.010692645621808192,0.02456269670141835,0.07203433462657283,0.04772984118929951,0.012490294539486566,0.026495471910564897,0.02956567820024658,0.01207567697203653,0.02036189940640732,0.05855275422193529,0.1206432400131421,0.07808466164251972
2022-09-13,0.02205436507725548,0.06077353150418156,0.07706313167173443,0.19283998613908818,0.03556646504542149,0.03836933215201049,0.02683774234608424,0.033734204925755205,0.009124252237894438,0.020744070879529578,0.08230267847731372,0.04811174883054627,0.013458050991417038,0.03655931056222794,0.030748459600034327,0.010840704981482045,0.034564983801882776,0.04790390939872944,0.08546645444948332,0.09293661692792764
2022-09-14,0.030551210472543503,0.023915627282388555,0.07510685922589633,0.18125463521896626,0.01795368714530657,0.07737463993988208,0.021425660741127835,0.05723238274380925,0.007471433777482759,0.020866844367715923,0.08131396409418322,0.03367424798334908,0.012622015112507805,0.022590849982662774,0.022703692702999663,0.007475103394131724,0.040034716492274594,0.05697698341325774,0.09080000969208388,0.11865543621743006
2022-09-15,0.022110918035052513,0.04201576135925115,0.08735226193061624,0.1457451967340392,0.02092653656994786,0.08759559846622268,0.03339520479145772,0.044839604242268453,0.007048371202513703,0.01614549483719612,0.11129447048430519,0.03316384444139562,0.014030934319842888,0.03541157423274018,0.026027778373398033,0.013739174203859093,0.037716371274388594,0.04186596418352018,0.08540973673986808,0.09416520357811611
2022-09-16,0.028437226272257442,0.03941875753003122,0.1204983022995676,0.10206484069039401,0.026425964877923917,0.07970499214605671,0.03779384232496988,0.04283588235673754,0.005395455009831779,0.023772054694891232,0.08987999770090438,0.03386960732987028,0.015880998714716345,0.024907683182790307,0.020363902109719247,0.014824362525953292,0.03152399601436866,0.06731364835124506,0.11803606491952708,0.07705242094824359
2022-09-17,0.02998477773916996,0.02888827157619656,0.1133294110689924,0.12664957928378578,0.023767959128250145,0.0644624497357474,0.013656855463173224,0.043287589182012046,0.003995331287328033,0.038616158488466355,0.07190428912484612,0.0864709591982539,0.014933391077045251,0.03092959617714068,0.01911296299217957,0.014366023085336863,0.04129084199310423,0.05127430957433009,0.11199214499812296,0.07108709882651802
2022-09-18,0.03837759874584971,0.09059392433317365,0.0899736747835845,0.10414598804126818,0.012288641255207781,0.038635863963258923,0.011000939047060976,0.038561548384167435,0.009781738619014265,0.03742518550268454,0.06897994650539202,0.09840435452631009,0.009851569913910585,0.02965116812160826,0.020814730775234828,0.010223053921628329,0.023793642606624664,0.05908459883896839,0.14988011159117354,0.05853172052387887
2022-09-19,0.031800404154490085,0.13764077239758324,0.07508428354196679,0.0700620947208918,0.01658614317418854,0.055597107594983354,0.03078866077332922,0.04059652944037696,0.014151110457719504,0.021233911829638075,0.06675116075145864,0.1113062677443202,0.012472959072360056,0.020104759969124718,0.017647451188554715,0.0083988441769107,0.02510450887002597,0.06555962078028248,0.10063287883002066,0.07848053053177388
2022-09-20,0.03455364564581176,0.13028981695338268,0.0767721821999512,0.029088667206569843,0.011998642863726846,0.04396594380054375,0.04061751306633818,0.03666871368789469,0.006829012975036335,0.02437285596030951,0.10522301499296884,0.10758547934105533,0.01296313743652661,0.024922253012268008,0.025290349680203054,0.01516620729822809,0.024707762259973218,0.04873730166679461,0.09629752739012107,0.10394997256229595
2022-09-21,0.025755100472931246,0.06308798632026873,0.07280126078338875,0.11588439136335768,0.0129832418032799,0.05454163464138499,0.045513706714736306,0.031635055703277196,0.004749155648405069,0.03127758987595316,0.13321033226793277,0.05666187079881929,0.020604356527160403,0.025366563087820416,0.021351991875574267,0.020496189851950886,0.03239115493796774,0.05788017781431664,0.0794567009814284,0.09435153853004571
2022-09-22,0.028692215493584056,0.04868978000632229,0.053209854452805405,0.06652460541899555,0.02164123098344033,0.0428685978146652,0.031326992271073495,0.031155467728508458,0.004545235179244376,0.032275447505887525,0.24822682066135385,0.057386768339193484,0.015423082282376996,0.03259224804726756,0.01739969353312741,0.03747913785905973,0.023950353730602107,0.06064384755549942,0.06567833612023605,0.08029028501675635
2022-09-23,0.023935443023419725,0.1781210136722553,0.060536605268056244,0.0714469132138627,0.021440894660324436,0.03539209778586945,0.032096603094511914,0.022377594325514647,0.0025720412726842725,0.02303203849190432,0.15327004812402661,0.04844154990526625,0.016705567194059724,0.02951421284655703,0.02667369405980695,0.014960912234247508,0.027546041553858456,0.047517755156876916,0.08627933057900848,0.07813964353788862
2022-09-24,0.01987322857405338,0.11421295461625934,0.10102002504013145,0.026927581355331638,0.018882930598724486,0.05424530877704227,0.030709918211766163,0.04806053587534956,0.005843249772804407,0.02868244358184832,0.11628100618395705,0.048572249217058286,0.014701155796463306,0.04292956482376253,0.024542605544224383,0.024163161162974227,0.03783923655672598,0.06126714380101335,0.0741735065795265,0.10707219393098298
2022-09-25,0.0202074360096305,0.07877673845536809,0.1077656220895236,0.0671666517603002,0.015324211224295859,0.04003223605576611,0.021764131125997902,0.03672467079470547,0.003912247231456208,0.03410316012638891,0.1201240425745067,0.0478284186638417,0.021783645473733182,0.03291281808881617,0.044003756799979615,0.01724610612456467,0.02323766122591014,0.07991253064493804,0.085674600295324,0.10149931523495245
2022-09-26,0.02240450834623952,0.052507815105926954,0.0701854458384047,0.03745467474034274,0.02116099418343633,0.06513805061649636,0.03632022117853545,0.043612413213281735,0.00640441518668599,0.04858117607979585,0.0772174057452998,0.0507646393814974,0.03523681000219518,0.02772264144842942,0.023168146864414988,0.03550956420084096,0.0270439804863422,0.174577605395702,0.0359744290162468,0.10901506296988515
